FirstName,LastName,Email,ReviewDate,Rating,Review,Approved,RelatedId,MemberId,PhotoUrl
Ant,Man,ant@man.com,24.04.2018 09:30:00,7,"This is a test review, and some more text",1,1068,2282,/media/tzzd0en2/david.png
Spider,Man,spider@man.com,24.04.2018 00:00:00,3,"This is a test review, And more text",1,1068,2282,/media/tzzd0en2/david.png
He,Man,he@man.com,24.04.2018 00:00:00,5,"This is a test review, yet more text here. And here",0,1068,2282,/media/tzzd0en2/david.png
Homer,Simpson,homer@simpson.com,24.04.2018 00:00:00,7,"This is a test review, hope this works",1,1068,2282,/media/tzzd0en2/david.png
Bart,Simpson,bart@simpson.com,24.04.2018 00:00:00,8,"This is a test review, import please",1,1068,2282,/media/tzzd0en2/david.png
